{"batch_description_guided_0.749": {"taking-moud": {"main-arguments": {"subject/patient": [[0.29545454545387395, 0.3023255813946457, 0.29885057466196324], [13, 44, 43]], "treatment": [[0.4693877551010829, 0.5609756097547293, 0.5111111110603703], [23, 49, 41]], "effects": [[0.3214285714274235, 0.299999999999, 0.3103448275351962], [9, 28, 30]]}, "event-specific-arguments": {"medications": [[0.4126984126977576, 0.6046511627892914, 0.4905660376867034], [26, 63, 43]], "dosage": [[0.399999999999, 0.6153846153822485, 0.4848484847992654], [16, 40, 26]], "treatment-duration": [[0.6874999999957032, 0.9166666666590277, 0.7857142856596939], [11, 16, 12]], "manner": [[0.09523809523764173, 0.09523809523764173, 0.09523809518764173], [2, 21, 21]], "frequency": [[0.199999999999, 0.18181818181735537, 0.19047619042539682], [4, 20, 22]], "timing": [[0.24999999999375, 0.3333333333222222, 0.2857142856571428], [1, 4, 3]], "purpose": [[0.23076923076834321, 0.2608695652162571, 0.2448979591328613], [6, 26, 23]]}, "subject-effect-arguments": {"gender": [[0.0, 0.0, 0.0], [0, 1, 1]], "conditions": [[0.2727272727247934, 0.2727272727247934, 0.2727272726747934], [3, 11, 11]], "side-effects": [[0.3846153846139054, 0.37037037036899867, 0.3773584905146316], [10, 26, 27]], "severity": [[0.0, 0.0, 0.0], [0, 13, 13]], "start-time": [[0.33333333332777776, 0.33333333332777776, 0.33333333327777775], [2, 6, 6]], "side-effect-duration": [[0.0, 0.0, 0.0], [0, 3, 3]], "intervention": [[0.40740740740589854, 0.4230769230752959, 0.41509433957109293], [11, 27, 26]]}}, "tapering": {"main-arguments": {"subject/patient": [[0.31999999999872003, 0.31999999999872003, 0.31999999994872], [8, 25, 25]], "effects": [[0.6999999999965001, 0.6999999999965001, 0.6999999999465001], [14, 20, 20]], "tapering-event": [[0.3461538461525148, 0.35999999999856, 0.3529411764192234], [9, 26, 25]]}, "event-specific-arguments": {"condition": [[0.1538461538449704, 0.199999999998, 0.17391304342759925], [2, 13, 10]], "trigger": [[0.2857142857102041, 0.2857142857102041, 0.28571428566020407], [2, 7, 7]], "start-time": [[0.4285714285653061, 0.4285714285653061, 0.4285714285153061], [3, 7, 7]], "type": [[0.5652173913018904, 0.5652173913018904, 0.5652173912518904], [13, 23, 23]], "taper-medications": [[0.4705882352913495, 0.36363636363471075, 0.4102564102051282], [8, 17, 22]], "initial-dosage": [[0.699999999993, 0.699999999993, 0.699999999943], [7, 10, 10]], "current-dosage": [[0.5333333333297777, 0.5333333333297777, 0.5333333332797777], [8, 15, 15]], "goal-dosage": [[0.19047619047528347, 0.19047619047528347, 0.19047619042528346], [4, 21, 21]], "target-duration": [[0.399999999992, 0.399999999992, 0.399999999942], [2, 5, 5]]}, "subject-effect-arguments": {"age": [[0.0, 0.0, 0.0], [0, 1, 1]], "gender": [[0.0, 0.0, 0.0], [0, 2, 2]], "conditions": [[0.14285714285510204, 0.14285714285510204, 0.14285714280510203], [1, 7, 7]], "side-effects": [[0.590909090906405, 0.5652173913018904, 0.5777777777252345], [13, 22, 23]], "severity": [[0.1249999999984375, 0.1249999999984375, 0.1249999999484375], [1, 8, 8]], "start-time": [[0.0, 0.0, 0.0], [0, 6, 6]], "side-effect-duration": [[0.0, 0.0, 0.0], [0, 3, 3]], "intervention": [[0.30434782608563327, 0.4374999999972657, 0.3589743589241289], [7, 23, 16]]}}, "relapse": {"main-arguments": {"subject/patient": [[0.2972972972964938, 0.30555555555470676, 0.3013698629628824], [11, 37, 36]], "relapse-event": [[0.558823529410121, 0.487179487178238, 0.5205479451542879], [19, 34, 39]], "resuming-moud-after-relapse": [[0.299999999999, 0.3214285714274235, 0.3103448275351962], [9, 30, 28]], "effects": [[0.4090909090890496, 0.4090909090890496, 0.4090909090390496], [9, 22, 22]]}, "event-specific-arguments": {"condition": [[0.27999999999888003, 0.24999999999910716, 0.26415094334538985], [7, 25, 28]], "trigger": [[0.08333333333263888, 0.0769230769224852, 0.07999999994943999], [1, 12, 13]], "existing/current-medications": [[0.45945945945821765, 0.4722222222209105, 0.46575342460626756], [17, 37, 36]], "relapse-substance": [[0.4722222222209105, 0.4146341463404521, 0.44155844150750545], [17, 36, 41]], "relapse-duration": [[0.45454545454132234, 0.41666666666319446, 0.434782608641966], [5, 11, 12]], "relapse-intervention": [[0.2999999999985, 0.23999999999904, 0.2666666666160988], [6, 20, 25]], "waiting-time": [[0.45454545454132234, 0.38461538461242606, 0.4166666666135417], [5, 11, 13]]}, "subject-effect-arguments": {"age": [[0.499999999975, 0.499999999975, 0.499999999925], [1, 2, 2]], "gender": [[0.0, 0.0, 0.0], [0, 3, 3]], "conditions": [[0.1538461538449704, 0.14285714285612244, 0.14814814809711932], [2, 13, 14]], "side-effects": [[0.4090909090890496, 0.3749999999984375, 0.39130434777448014], [9, 22, 24]], "severity": [[0.22222222221975307, 0.22222222221975307, 0.22222222216975304], [2, 9, 9]], "start-time": [[0.16666666666388888, 0.16666666666388888, 0.16666666661388888], [1, 6, 6]], "side-effect-duration": [[0.0, 0.0, 0.0], [0, 5, 5]], "intervention": [[0.3714285714275102, 0.361111111110108, 0.3661971830475699], [13, 35, 36]]}}}, "batch_description_guided_0.99": {"taking-moud": {"main-arguments": {"subject/patient": [[0.04545454545444215, 0.04651162790686857, 0.04597701144415379], [2, 44, 43]], "treatment": [[0.020408163265264474, 0.024390243902379535, 0.0222222221725679], [1, 49, 41]], "effects": [[0.07142857142831634, 0.06666666666644445, 0.06896551719120095], [2, 28, 30]]}, "event-specific-arguments": {"medications": [[0.3492063492057949, 0.5116279069755544, 0.41509433957363834], [22, 63, 43]], "dosage": [[0.149999999999625, 0.23076923076834321, 0.1818181817698806], [6, 40, 26]], "treatment-duration": [[0.5624999999964845, 0.74999999999375, 0.6428571428035715], [9, 16, 12]], "manner": [[0.09523809523764173, 0.09523809523764173, 0.09523809518764173], [2, 21, 21]], "frequency": [[0.04999999999975, 0.04545454545433884, 0.04761904756893424], [1, 20, 22]], "timing": [[0.24999999999375, 0.3333333333222222, 0.2857142856571428], [1, 4, 3]], "purpose": [[0.07692307692278107, 0.08695652173875237, 0.08163265301107872], [2, 26, 23]]}, "subject-effect-arguments": {"gender": [[0.0, 0.0, 0.0], [0, 1, 1]], "conditions": [[0.18181818181652892, 0.18181818181652892, 0.18181818176652892], [2, 11, 11]], "side-effects": [[0.11538461538417161, 0.1111111111106996, 0.11320754711940192], [3, 26, 27]], "severity": [[0.0, 0.0, 0.0], [0, 13, 13]], "start-time": [[0.16666666666388888, 0.16666666666388888, 0.16666666661388888], [1, 6, 6]], "side-effect-duration": [[0.0, 0.0, 0.0], [0, 3, 3]], "intervention": [[0.07407407407379973, 0.07692307692278107, 0.07547169806294056], [2, 27, 26]]}}, "tapering": {"main-arguments": {"subject/patient": [[0.039999999999840004, 0.039999999999840004, 0.03999999994984001], [1, 25, 25]], "effects": [[0.34999999999825004, 0.34999999999825004, 0.34999999994825004], [7, 20, 20]], "tapering-event": [[0.0, 0.0, 0.0], [0, 26, 25]]}, "event-specific-arguments": {"condition": [[0.0, 0.0, 0.0], [0, 13, 10]], "trigger": [[0.0, 0.0, 0.0], [0, 7, 7]], "start-time": [[0.4285714285653061, 0.4285714285653061, 0.4285714285153061], [3, 7, 7]], "type": [[0.5652173913018904, 0.5652173913018904, 0.5652173912518904], [13, 23, 23]], "taper-medications": [[0.41176470587993086, 0.31818181818037194, 0.35897435892334], [7, 17, 22]], "initial-dosage": [[0.199999999998, 0.199999999998, 0.199999999948], [2, 10, 10]], "current-dosage": [[0.13333333333244443, 0.13333333333244443, 0.13333333328244443], [2, 15, 15]], "goal-dosage": [[0.09523809523764173, 0.09523809523764173, 0.09523809518764173], [2, 21, 21]], "target-duration": [[0.399999999992, 0.399999999992, 0.399999999942], [2, 5, 5]]}, "subject-effect-arguments": {"age": [[0.0, 0.0, 0.0], [0, 1, 1]], "gender": [[0.0, 0.0, 0.0], [0, 2, 2]], "conditions": [[0.14285714285510204, 0.14285714285510204, 0.14285714280510203], [1, 7, 7]], "side-effects": [[0.36363636363471075, 0.3478260869550095, 0.355555555504], [8, 22, 23]],