{"batch_description_guided_0.749": {"taking-moud": {"main-arguments": {"subject/patient": [[0.16666666666626984, 0.16279069767404, 0.16470588230256056], [7, 42, 43]], "treatment": [[0.4130434782599716, 0.46341463414521117, 0.4367816091445633], [19, 46, 41]], "effects": [[0.3714285714275102, 0.4333333333318889, 0.3999999999490651], [13, 35, 30]]}, "event-specific-arguments": {"medications": [[0.42307692307610945, 0.5116279069755544, 0.4631578946863158], [22, 52, 43]], "dosage": [[0.4411764705869377, 0.576923076920858, 0.4999999999492222], [15, 34, 26]], "treatment-duration": [[0.6666666666622222, 0.8333333333263889, 0.740740740685871], [10, 15, 12]], "manner": [[0.47619047618820864, 0.47619047618820864, 0.47619047613820864], [10, 21, 21]], "frequency": [[0.3478260869550095, 0.36363636363471075, 0.355555555504], [8, 23, 22]], "timing": [[0.3333333333222222, 0.3333333333222222, 0.3333333332722222], [1, 3, 3]], "purpose": [[0.3333333333319445, 0.3478260869550095, 0.34042553186346763], [8, 24, 23]]}, "subject-effect-arguments": {"gender": [[0.0, 0.0, 0.0], [0, 1, 1]], "conditions": [[0.399999999996, 0.36363636363305785, 0.3809523808988662], [4, 10, 11]], "side-effects": [[0.11764705882318338, 0.14814814814759947, 0.131147540933835], [4, 34, 27]], "severity": [[0.6153846153798816, 0.6153846153798816, 0.6153846153298816], [8, 13, 13]], "start-time": [[0.49999999999166667, 0.49999999999166667, 0.49999999994166666], [3, 6, 6]], "side-effect-duration": [[0.0, 0.0, 0.0], [0, 3, 3]], "intervention": [[0.11538461538417161, 0.11538461538417161, 0.1153846153341716], [3, 26, 26]]}}, "tapering": {"main-arguments": {"subject/patient": [[0.3749999999984375, 0.35999999999856, 0.3673469387240317], [9, 24, 25]], "effects": [[0.5789473684180056, 0.54999999999725, 0.5641025640497042], [11, 19, 20]], "tapering-event": [[0.31034482758513676, 0.35999999999856, 0.3333333332823732], [9, 29, 25]]}, "event-specific-arguments": {"condition": [[0.099999999999, 0.099999999999, 0.099999999949], [1, 10, 10]], "trigger": [[0.0, 0.0, 0.0], [0, 7, 7]], "start-time": [[0.5714285714204081, 0.5714285714204081, 0.5714285713704081], [4, 7, 7]], "type": [[0.5652173913018904, 0.5652173913018904, 0.5652173912518904], [13, 23, 23]], "taper-medications": [[0.4999999999972223, 0.4090909090890496, 0.44999999994825], [9, 18, 22]], "initial-dosage": [[0.899999999991, 0.899999999991, 0.899999999941], [9, 10, 10]], "current-dosage": [[0.5555555555524692, 0.6666666666622222, 0.6060606060073461], [10, 18, 15]], "goal-dosage": [[0.23809523809410432, 0.23809523809410432, 0.23809523804410432], [5, 21, 21]], "target-duration": [[0.399999999992, 0.399999999992, 0.399999999942], [2, 5, 5]]}, "subject-effect-arguments": {"age": [[0.0, 0.0, 0.0], [0, 1, 1]], "gender": [[0.0, 0.0, 0.0], [0, 2, 2]], "conditions": [[0.0, 0.0, 0.0], [0, 7, 7]], "side-effects": [[0.4444444444427984, 0.5217391304325142, 0.4799999999484], [12, 27, 23]], "severity": [[0.399999999996, 0.49999999999375, 0.4444444443901234], [4, 10, 8]], "start-time": [[0.49999999999166667, 0.49999999999166667, 0.49999999994166666], [3, 6, 6]], "side-effect-duration": [[0.199999999996, 0.3333333333222222, 0.249999999946875], [1, 5, 3]], "intervention": [[0.3333333333314815, 0.3749999999976563, 0.35294117641868517], [6, 18, 16]]}}, "relapse": {"main-arguments": {"subject/patient": [[0.30555555555470676, 0.30555555555470676, 0.30555555550470676], [11, 36, 36]], "relapse-event": [[0.5945945945929876, 0.5641025641011177, 0.5789473683695637], [22, 37, 39]], "resuming-moud-after-relapse": [[0.11428571428538775, 0.14814814814759947, 0.12903225801493237], [4, 35, 27]], "effects": [[0.31818181818037194, 0.31818181818037194, 0.31818181813037194], [7, 22, 22]]}, "event-specific-arguments": {"condition": [[0.23333333333255557, 0.24999999999910716, 0.2413793102940547], [7, 30, 28]], "trigger": [[0.16666666666527777, 0.1538461538449704, 0.1599999999488], [2, 12, 13]], "existing/current-medications": [[0.3555555555547654, 0.44444444444320985, 0.39506172834470354], [16, 45, 36]], "relapse-substance": [[0.5937499999981445, 0.46341463414521117, 0.5205479451548133], [19, 32, 41]], "relapse-duration": [[0.6363636363578512, 0.5833333333284723, 0.6086956521187145], [7, 11, 12]], "relapse-intervention": [[0.14999999999925, 0.11999999999952, 0.13333333328335803], [3, 20, 25]], "waiting-time": [[0.6363636363578512, 0.5384615384573964, 0.5833333332788194], [7, 11, 13]]}, "subject-effect-arguments": {"age": [[0.99999999995, 0.99999999995, 0.9999999999], [2, 2, 2]], "gender": [[0.3333333333222222, 0.3333333333222222, 0.3333333332722222], [1, 3, 3]], "conditions": [[0.23076923076745562, 0.21428571428418366, 0.22222222217064472], [3, 13, 14]], "side-effects": [[0.30769230769112427, 0.3333333333319445, 0.31999999994879996], [8, 26, 24]], "severity": [[0.5555555555493827, 0.5555555555493827, 0.5555555554993827], [5, 9, 9]], "start-time": [[0.0, 0.0, 0.0], [0, 6, 6]], "side-effect-duration": [[0.599999999988, 0.599999999988, 0.599999999938], [3, 5, 5]], "intervention": [[0.31034482758513676, 0.24999999999930556, 0.27692307687280476], [9, 29, 36]]}}}, "batch_description_guided_0.99": {"taking-moud": {"main-arguments": {"subject/patient": [[0.0, 0.0, 0.0], [0, 42, 43]], "treatment": [[0.0, 0.0, 0.0], [0, 46, 41]], "effects": [[0.057142857142693876, 0.06666666666644445, 0.06153846148856806], [2, 35, 30]]}, "event-specific-arguments": {"medications": [[0.3653846153839127, 0.44186046511525146, 0.3999999999496066], [19, 52, 43]], "dosage": [[0.26470588235216264, 0.3461538461525148, 0.29999999994988885], [9, 34, 26]], "treatment-duration": [[0.46666666666355555, 0.5833333333284723, 0.518518518465295], [7, 15, 12]], "manner": [[0.2857142857129252, 0.2857142857129252, 0.28571428566292517], [6, 21, 21]], "frequency": [[0.17391304347750475, 0.18181818181735537, 0.17777777772701234], [4, 23, 22]], "timing": [[0.3333333333222222, 0.3333333333222222, 0.3333333332722222], [1, 3, 3]], "purpose": [[0.04166666666649306, 0.04347826086937619, 0.04255319143920327], [1, 24, 23]]}, "subject-effect-arguments": {"gender": [[0.0, 0.0, 0.0], [0, 1, 1]], "conditions": [[0.199999999998, 0.18181818181652892, 0.1904761904244898], [2, 10, 11]], "side-effects": [[0.029411764705795845, 0.03703703703689987, 0.032786885196452564], [1, 34, 27]], "severity": [[0.1538461538449704, 0.1538461538449704, 0.1538461537949704], [2, 13, 13]], "start-time": [[0.16666666666388888, 0.16666666666388888, 0.16666666661388888], [1, 6, 6]], "side-effect-duration": [[0.0, 0.0, 0.0], [0, 3, 3]], "intervention": [[0.0, 0.0, 0.0], [0, 26, 26]]}}, "tapering": {"main-arguments": {"subject/patient": [[0.04166666666649306, 0.039999999999840004, 0.04081632648046648], [1, 24, 25]], "effects": [[0.21052631578836567, 0.199999999999, 0.2051282050771861], [4, 19, 20]], "tapering-event": [[0.0, 0.0, 0.0], [0, 29, 25]]}, "event-specific-arguments": {"condition": [[0.0, 0.0, 0.0], [0, 10, 10]], "trigger": [[0.0, 0.0, 0.0], [0, 7, 7]], "start-time": [[0.4285714285653061, 0.4285714285653061, 0.4285714285153061], [3, 7, 7]], "type": [[0.5652173913018904, 0.5652173913018904, 0.5652173912518904], [13, 23, 23]], "taper-medications": [[0.44444444444197534, 0.36363636363471075, 0.39999999994849994], [8, 18, 22]], "initial-dosage": [[0.399999999996, 0.399999999996, 0.399999999946], [4, 10, 10]], "current-dosage": [[0.16666666666574076, 0.19999999999866666, 0.18181818176749315], [3, 18, 15]], "goal-dosage": [[0.09523809523764173, 0.09523809523764173, 0.09523809518764173], [2, 21, 21]], "target-duration": [[0.0, 0.0, 0.0], [0, 5, 5]]}, "subject-effect-arguments": {"age": [[0.0, 0.0, 0.0], [0, 1, 1]], "gender": [[0.0, 0.0, 0.0], [0, 2, 2]], "conditions": [[0.0, 0.0, 0.0], [0, 7, 7]], "side-effects": [[0.18518518518449933, 0.21739130434688092, 0.19999999994952], [5, 27, 23]], "severity": [[0.099999999999, 0.1249999999984375, 0.11111111106049382], [1, 10, 8]], "start-time": [[0.33333333332777776, 0.33333333332777776, 0.33333333327777775], [2, 6, 6]],