{"batch_description_guided_0.749": {"taking-moud": {"main-arguments": {"subject/patient": [[0.3409090909083161, 0.3488372093015143, 0.3448275861561104], [15, 44, 43]], "treatment": [[0.33846153846101773, 0.5365853658523497, 0.41509433957442143], [22, 65, 41]], "effects": [[0.21999999999956, 0.36666666666544445, 0.27499999995243746], [11, 50, 30]]}, "event-specific-arguments": {"medications": [[0.42307692307610945, 0.5116279069755544, 0.4631578946863158], [22, 52, 43]], "dosage": [[0.48387096774037464, 0.576923076920858, 0.5263157894222222], [15, 31, 26]], "treatment-duration": [[0.3749999999976563, 0.49999999999583333, 0.4285714285193878], [6, 16, 12]], "manner": [[0.04999999999975, 0.04761904761882087, 0.04878048775466984], [1, 20, 21]], "frequency": [[0.11999999999952, 0.13636363636301654, 0.12765957441774559], [3, 25, 22]], "timing": [[0.3333333333222222, 0.3333333333222222, 0.3333333332722222], [1, 3, 3]], "purpose": [[0.2727272727260331, 0.2608695652162571, 0.2666666666155062], [6, 22, 23]]}, "subject-effect-arguments": {"gender": [[0.0, 0.0, 0.0], [0, 1, 1]], "conditions": [[0.3076923076899408, 0.36363636363305785, 0.33333333328090275], [4, 13, 11]], "side-effects": [[0.3783783783773557, 0.5185185185165981, 0.4374999999498535], [14, 37, 27]], "severity": [[0.07142857142806122, 0.0769230769224852, 0.07407407402359395], [1, 14, 13]], "start-time": [[0.33333333332777776, 0.33333333332777776, 0.33333333327777775], [2, 6, 6]], "side-effect-duration": [[0.0, 0.0, 0.0], [0, 3, 3]], "intervention": [[0.3636363636352617, 0.46153846153668643, 0.40677966096627405], [12, 33, 26]]}}, "tapering": {"main-arguments": {"subject/patient": [[0.4230769230752959, 0.43999999999824, 0.4313725489679354], [11, 26, 25]], "effects": [[0.4999999999982143, 0.6999999999965001, 0.5833333332822916], [14, 28, 20]], "tapering-event": [[0.15555555555520986, 0.27999999999888003, 0.1999999999535102], [7, 45, 25]]}, "event-specific-arguments": {"condition": [[0.24999999999843753, 0.399999999996, 0.3076923076426036], [4, 16, 10]], "trigger": [[0.0, 0.0, 0.0], [0, 8, 7]], "start-time": [[0.2857142857102041, 0.2857142857102041, 0.28571428566020407], [2, 7, 7]], "type": [[0.478260869563138, 0.478260869563138, 0.478260869513138], [11, 23, 23]], "taper-medications": [[0.7619047619011339, 0.7272727272694215, 0.7441860464581938], [16, 21, 22]], "initial-dosage": [[0.499999999995, 0.499999999995, 0.499999999945], [5, 10, 10]], "current-dosage": [[0.6666666666622222, 0.6666666666622222, 0.6666666666122222], [10, 15, 15]], "goal-dosage": [[0.19047619047528347, 0.19047619047528347, 0.19047619042528346], [4, 21, 21]], "target-duration": [[0.0, 0.0, 0.0], [0, 5, 5]]}, "subject-effect-arguments": {"age": [[0.0, 0.0, 0.0], [0, 1, 1]], "gender": [[0.0, 0.0, 0.0], [0, 2, 2]], "conditions": [[0.1249999999984375, 0.14285714285510204, 0.13333333328177777], [1, 8, 7]], "side-effects": [[0.428571428569898, 0.5217391304325142, 0.47058823524275284], [12, 28, 23]], "severity": [[0.3749999999953125, 0.3749999999953125, 0.3749999999453125], [3, 8, 8]], "start-time": [[0.6666666666555555, 0.6666666666555555, 0.6666666666055555], [4, 6, 6]], "side-effect-duration": [[0.0, 0.0, 0.0], [0, 6, 3]], "intervention": [[0.30769230769112427, 0.49999999999687506, 0.3809523809034014], [8, 26, 16]]}}, "relapse": {"main-arguments": {"subject/patient": [[0.20930232558090858, 0.24999999999930556, 0.22784810121563853], [9, 43, 36]], "relapse-event": [[0.487179487178238, 0.487179487178238, 0.487179487128238], [19, 39, 39]], "resuming-moud-after-relapse": [[0.17142857142808163, 0.214285714284949, 0.1904761904262031], [6, 35, 28]], "effects": [[0.4166666666649306, 0.45454545454338846, 0.4347826086438563], [10, 24, 22]]}, "event-specific-arguments": {"condition": [[0.35714285714158167, 0.35714285714158167, 0.35714285709158167], [10, 28, 28]], "trigger": [[0.3076923076899408, 0.3076923076899408, 0.3076923076399408], [4, 13, 13]], "existing/current-medications": [[0.34693877550949603, 0.4722222222209105, 0.39999999995022834], [17, 49, 36]], "relapse-substance": [[0.49999999999868416, 0.46341463414521117, 0.48101265817670236], [19, 38, 41]], "relapse-duration": [[0.36363636363305785, 0.33333333333055554, 0.3478260869035916], [4, 11, 12]], "relapse-intervention": [[0.2666666666657778, 0.31999999999872003, 0.29090909085844635], [8, 30, 25]], "waiting-time": [[0.1538461538449704, 0.1538461538449704, 0.1538461537949704], [2, 13, 13]]}, "subject-effect-arguments": {"age": [[0.99999999995, 0.99999999995, 0.9999999999], [2, 2, 2]], "gender": [[0.3333333333222222, 0.3333333333222222, 0.3333333332722222], [1, 3, 3]], "conditions": [[0.1538461538449704, 0.14285714285612244, 0.14814814809711932], [2, 13, 14]], "side-effects": [[0.2903225806442248, 0.3749999999984375, 0.32727272722234707], [9, 31, 24]], "severity": [[0.3333333333296296, 0.3333333333296296, 0.3333333332796296], [3, 9, 9]], "start-time": [[0.33333333332777776, 0.33333333332777776, 0.33333333327777775], [2, 6, 6]], "side-effect-duration": [[0.199999999996, 0.199999999996, 0.19999999994599998], [1, 5, 5]], "intervention": [[0.3863636363627582, 0.4722222222209105, 0.42499999994943743], [17, 44, 36]]}}}, "batch_description_guided_0.99": {"taking-moud": {"main-arguments": {"subject/patient": [[0.0, 0.0, 0.0], [0, 44, 43]], "treatment": [[0.06153846153836686, 0.09756097560951814, 0.07547169806562834], [4, 65, 41]], "effects": [[0.0999999999998, 0.16666666666611113, 0.12499999995281251], [5, 50, 30]]}, "event-specific-arguments": {"medications": [[0.3653846153839127, 0.44186046511525146, 0.3999999999496066], [19, 52, 43]], "dosage": [[0.2903225806442248, 0.3461538461525148, 0.31578947363348725], [9, 31, 26]], "treatment-duration": [[0.24999999999843753, 0.33333333333055554, 0.28571428566326534], [4, 16, 12]], "manner": [[0.0, 0.0, 0.0], [0, 20, 21]], "frequency": [[0.07999999999968001, 0.09090909090867769, 0.08510638292856496], [2, 25, 22]], "timing": [[0.0, 0.0, 0.0], [0, 3, 3]], "purpose": [[0.04545454545433884, 0.04347826086937619, 0.04444444439427161], [1, 22, 23]]}, "subject-effect-arguments": {"gender": [[0.0, 0.0, 0.0], [0, 1, 1]], "conditions": [[0.23076923076745562, 0.2727272727247934, 0.24999999994826386], [3, 13, 11]], "side-effects": [[0.16216216216172388, 0.2222222222213992, 0.1874999999506348], [6, 37, 27]], "severity": [[0.0, 0.0, 0.0], [0, 14, 13]], "start-time": [[0.0, 0.0, 0.0], [0, 6, 6]], "side-effect-duration": [[0.0, 0.0, 0.0], [0, 3, 3]], "intervention": [[0.06060606060587695, 0.07692307692278107, 0.0677966101199655], [2, 33, 26]]}}, "tapering": {"main-arguments": {"subject/patient": [[0.0, 0.0, 0.0], [0, 26, 25]], "effects": [[0.214285714284949, 0.2999999999985, 0.24999999995034722], [6, 28, 20]], "tapering-event": [[0.0, 0.0, 0.0], [0, 45, 25]]}, "event-specific-arguments": {"condition": [[0.0, 0.0, 0.0], [0, 16, 10]], "trigger": [[0.0, 0.0, 0.0], [0, 8, 7]], "start-time": [[0.14285714285510204, 0.14285714285510204, 0.14285714280510203], [1, 7, 7]], "type": [[0.478260869563138, 0.478260869563138, 0.478260869513138], [11, 23, 23]], "taper-medications": [[0.47619047618820864, 0.45454545454338846, 0.46511627901763114], [10, 21, 22]], "initial-dosage": [[0.099999999999, 0.099999999999, 0.099999999949], [1, 10, 10]], "current-dosage": [[0.19999999999866666, 0.19999999999866666, 0.19999999994866666], [3, 15, 15]], "goal-dosage": [[0.1428571428564626, 0.1428571428564626, 0.14285714280646258], [3, 21, 21]], "target-duration": [[0.0, 0.0, 0.0], [0, 5, 5]]}, "subject-effect-arguments": {"age": [[0.0, 0.0, 0.0], [0, 1, 1]], "gender": [[0.0, 0.0, 0.0], [0, 2, 2]], "conditions": [[0.1249999999984375, 0.14285714285510204, 0.13333333328177777], [1, 8, 7]], "side-effects": [[0.214285714284949, 0.2608695652162571, 0.2352941175966167], [6, 28, 23]], "severity": [[0.0, 0.0, 0.0], [0, 8, 8]], "start-time": [[0.16666666666388888, 0.16666666666388888, 0.16666666661388888], [1, 6, 6]], "side-effect-duration": [[0.0, 0.0, 0.0], [0, 6, 3]],