{"batch_description_guided_0.749": {"taking-moud": {"main-arguments": {"subject/patient": [[0.249999999999375, 0.23255813953434287, 0.24096385537117143], [10, 40, 43]], "treatment": [[0.3249999999991875, 0.31707317073093394, 0.32098765427020265], [13, 40, 41]], "effects": [[0.2187499999993164, 0.23333333333255557, 0.22580645156222684], [7, 32, 30]]}, "event-specific-arguments": {"medications": [[0.2285714285707755, 0.1860465116274743, 0.20512820507820512], [8, 35, 43]], "dosage": [[0.6521739130406428, 0.576923076920858, 0.6122448979068721], [15, 23, 26]], "treatment-duration": [[0.8333333333263889, 0.8333333333263889, 0.8333333332763889], [10, 12, 12]], "manner": [[0.24999999999875003, 0.23809523809410432, 0.24390243897323025], [5, 20, 21]], "frequency": [[0.24999999999875003, 0.22727272727169423, 0.23809523804421773], [5, 20, 22]], "timing": [[0.3333333333222222, 0.3333333333222222, 0.3333333332722222], [1, 3, 3]], "purpose": [[0.30434782608563327, 0.30434782608563327, 0.30434782603563326], [7, 23, 23]]}, "subject-effect-arguments": {"gender": [[0.0, 0.0, 0.0], [0, 1, 1]], "conditions": [[0.2727272727247934, 0.2727272727247934, 0.2727272726747934], [3, 11, 11]], "side-effects": [[0.35714285714158167, 0.37037037036899867, 0.36363636358505785], [10, 28, 27]], "severity": [[0.3076923076899408, 0.3076923076899408, 0.3076923076399408], [4, 13, 13]], "start-time": [[0.49999999999166667, 0.49999999999166667, 0.49999999994166666], [3, 6, 6]], "side-effect-duration": [[0.3333333333222222, 0.3333333333222222, 0.3333333332722222], [1, 3, 3]], "intervention": [[0.16666666666597224, 0.15384615384556213, 0.15999999994943997], [4, 24, 26]]}}, "tapering": {"main-arguments": {"subject/patient": [[0.24137931034399526, 0.27999999999888003, 0.2592592592085734], [7, 29, 25]], "effects": [[0.5238095238070295, 0.54999999999725, 0.5365853658010709], [11, 21, 20]], "tapering-event": [[0.17241379310285376, 0.1999999999992, 0.18518518513477367], [5, 29, 25]]}, "event-specific-arguments": {"condition": [[0.0, 0.0, 0.0], [0, 10, 10]], "trigger": [[0.0, 0.0, 0.0], [0, 7, 7]], "start-time": [[0.2857142857102041, 0.2857142857102041, 0.28571428566020407], [2, 7, 7]], "type": [[0.6521739130406428, 0.6521739130406428, 0.6521739129906428], [15, 23, 23]], "taper-medications": [[0.4999999999972223, 0.4090909090890496, 0.44999999994825], [9, 18, 22]], "initial-dosage": [[0.399999999996, 0.399999999996, 0.399999999946], [4, 10, 10]], "current-dosage": [[0.3999999999973333, 0.3999999999973333, 0.3999999999473333], [6, 15, 15]], "goal-dosage": [[0.1428571428564626, 0.1428571428564626, 0.14285714280646258], [3, 21, 21]], "target-duration": [[0.399999999992, 0.399999999992, 0.399999999942], [2, 5, 5]]}, "subject-effect-arguments": {"age": [[0.9999999999, 0.9999999999, 0.99999999985], [1, 1, 1]], "gender": [[0.0, 0.0, 0.0], [0, 2, 2]], "conditions": [[0.3749999999953125, 0.4285714285653061, 0.3999999999448889], [3, 8, 7]], "side-effects": [[0.5599999999977601, 0.6086956521712665, 0.5833333332809896], [14, 25, 23]], "severity": [[0.249999999996875, 0.249999999996875, 0.249999999946875], [2, 8, 8]], "start-time": [[0.16666666666388888, 0.16666666666388888, 0.16666666661388888], [1, 6, 6]], "side-effect-duration": [[0.3333333333222222, 0.3333333333222222, 0.3333333332722222], [1, 3, 3]], "intervention": [[0.16666666666574076, 0.18749999999882816, 0.1764705881844291], [3, 18, 16]]}}, "relapse": {"main-arguments": {"subject/patient": [[0.16216216216172388, 0.1666666666662037, 0.16438356159339462], [6, 37, 36]], "relapse-event": [[0.24999999999921874, 0.20512820512767915, 0.22535211262590754], [8, 32, 39]], "resuming-moud-after-relapse": [[0.062499999999804684, 0.07142857142831634, 0.06666666661666665], [2, 32, 28]], "effects": [[0.3478260869550095, 0.36363636363471075, 0.355555555504], [8, 23, 22]]}, "event-specific-arguments": {"condition": [[0.27999999999888003, 0.24999999999910716, 0.26415094334538985], [7, 25, 28]], "trigger": [[0.08333333333263888, 0.0769230769224852, 0.07999999994943999], [1, 12, 13]], "existing/current-medications": [[0.2285714285707755, 0.22222222222160493, 0.22535211262543145], [8, 35, 36]], "relapse-substance": [[0.5624999999982422, 0.43902439024283163, 0.4931506848809158], [18, 32, 41]], "relapse-duration": [[0.5454545454495868, 0.49999999999583333, 0.5217391303803403], [6, 11, 12]], "relapse-intervention": [[0.08695652173875237, 0.07999999999968001, 0.08333333328307291], [2, 23, 25]], "waiting-time": [[0.6363636363578512, 0.5384615384573964, 0.5833333332788194], [7, 11, 13]]}, "subject-effect-arguments": {"age": [[0.499999999975, 0.499999999975, 0.499999999925], [1, 2, 2]], "gender": [[0.3333333333222222, 0.3333333333222222, 0.3333333332722222], [1, 3, 3]], "conditions": [[0.23076923076745562, 0.21428571428418366, 0.22222222217064472], [3, 13, 14]], "side-effects": [[0.43478260869376184, 0.4166666666649306, 0.4255319148418289], [10, 23, 24]], "severity": [[0.11111111110987654, 0.11111111110987654, 0.11111111105987652], [1, 9, 9]], "start-time": [[0.16666666666388888, 0.16666666666388888, 0.16666666661388888], [1, 6, 6]], "side-effect-duration": [[0.0, 0.0, 0.0], [0, 5, 5]], "intervention": [[0.428571428569898, 0.3333333333324074, 0.37499999994960936], [12, 28, 36]]}}}, "batch_description_guided_0.99": {"taking-moud": {"main-arguments": {"subject/patient": [[0.0, 0.0, 0.0], [0, 40, 43]], "treatment": [[0.0, 0.0, 0.0], [0, 40, 41]], "effects": [[0.031249999999902342, 0.03333333333322223, 0.032258064466077006], [1, 32, 30]]}, "event-specific-arguments": {"medications": [[0.08571428571404081, 0.06976744186030287, 0.07692307687340565], [3, 35, 43]], "dosage": [[0.39130434782438567, 0.3461538461525148, 0.36734693872419827], [9, 23, 26]], "treatment-duration": [[0.49999999999583333, 0.49999999999583333, 0.49999999994583333], [6, 12, 12]], "manner": [[0.0999999999995, 0.09523809523764173, 0.09756097555930993], [2, 20, 21]], "frequency": [[0.14999999999925, 0.13636363636301654, 0.14285714280657597], [3, 20, 22]], "timing": [[0.3333333333222222, 0.3333333333222222, 0.3333333332722222], [1, 3, 3]], "purpose": [[0.08695652173875237, 0.08695652173875237, 0.08695652168875237], [2, 23, 23]]}, "subject-effect-arguments": {"gender": [[0.0, 0.0, 0.0], [0, 1, 1]], "conditions": [[0.09090909090826446, 0.09090909090826446, 0.09090909085826446], [1, 11, 11]], "side-effects": [[0.214285714284949, 0.2222222222213992, 0.21818181813104132], [6, 28, 27]], "severity": [[0.0769230769224852, 0.0769230769224852, 0.0769230768724852], [1, 13, 13]], "start-time": [[0.33333333332777776, 0.33333333332777776, 0.33333333327777775], [2, 6, 6]], "side-effect-duration": [[0.0, 0.0, 0.0], [0, 3, 3]], "intervention": [[0.04166666666649306, 0.03846153846139053, 0.03999999994992], [1, 24, 26]]}}, "tapering": {"main-arguments": {"subject/patient": [[0.0, 0.0, 0.0], [0, 29, 25]], "effects": [[0.23809523809410432, 0.24999999999875003, 0.24390243897323025], [5, 21, 20]], "tapering-event": [[0.0, 0.0, 0.0], [0, 29, 25]]}, "event-specific-arguments": {"condition": [[0.0, 0.0, 0.0], [0, 10, 10]], "trigger": [[0.0, 0.0, 0.0], [0, 7, 7]], "start-time": [[0.14285714285510204, 0.14285714285510204, 0.14285714280510203], [1, 7, 7]], "type": [[0.6521739130406428, 0.6521739130406428, 0.6521739129906428], [15, 23, 23]], "taper-medications": [[0.44444444444197534, 0.36363636363471075, 0.39999999994849994], [8, 18, 22]], "initial-dosage": [[0.099999999999, 0.099999999999, 0.099999999949], [1, 10, 10]], "current-dosage": [[0.13333333333244443, 0.13333333333244443, 0.13333333328244443], [2, 15, 15]], "goal-dosage": [[0.0, 0.0, 0.0], [0, 21, 21]], "target-duration": [[0.199999999996, 0.199999999996, 0.19999999994599998], [1, 5, 5]]}, "subject-effect-arguments": {"age": [[0.9999999999, 0.9999999999, 0.99999999985], [1, 1, 1]], "gender": [[0.0, 0.0, 0.0], [0, 2, 2]], "conditions": [[0.249999999996875, 0.2857142857102041, 0.2666666666133333], [2, 8, 7]],