{"1-extractive_qa_fine_tuned_squad-0.749": {"taking-moud": {"main-arguments": {"subject/patient": [[0.0249999999999375, 0.023255813953434287, 0.024096385492175933], [1, 40, 43]], "treatment": [[0.05128205128191979, 0.04878048780475907, 0.04999999994990624], [2, 39, 41]], "effects": [[0.08695652173875237, 0.06666666666644445, 0.07547169806379495], [2, 23, 30]]}, "event-specific-arguments": {"medications": [[0.14285714285673468, 0.11627906976717144, 0.12820512815532542], [5, 35, 43]], "dosage": [[0.2608695652162571, 0.23076923076834321, 0.2448979591328613], [6, 23, 26]], "treatment-duration": [[0.49999999999583333, 0.49999999999583333, 0.49999999994583333], [6, 12, 12]], "manner": [[0.14999999999925, 0.1428571428564626, 0.14634146336395001], [3, 20, 21]], "frequency": [[0.09523809523764173, 0.09090909090867769, 0.09302325576354788], [2, 21, 22]], "timing": [[0.0, 0.0, 0.0], [0, 3, 3]], "purpose": [[0.04347826086937619, 0.04347826086937619, 0.04347826081937619], [1, 23, 23]]}, "subject-effect-arguments": {"gender": [[0.0, 0.0, 0.0], [0, 1, 1]], "conditions": [[0.11111111110987654, 0.09090909090826446, 0.0999999999495], [1, 9, 11]], "side-effects": [[0.4230769230752959, 0.40740740740589854, 0.41509433957109293], [11, 26, 27]], "severity": [[0.0, 0.0, 0.0], [0, 15, 13]], "start-time": [[0.16666666666388888, 0.16666666666388888, 0.16666666661388888], [1, 6, 6]], "side-effect-duration": [[0.3333333333222222, 0.3333333333222222, 0.3333333332722222], [1, 3, 3]], "intervention": [[0.13043478260812855, 0.11538461538417161, 0.12244897954152437], [3, 23, 26]]}}, "tapering": {"main-arguments": {"subject/patient": [[0.07692307692278107, 0.07999999999968001, 0.07843137249873125], [2, 26, 25]], "effects": [[0.3333333333311111, 0.24999999999875003, 0.28571428566367346], [5, 15, 20]], "tapering-event": [[0.23076923076834321, 0.23999999999904, 0.23529411759615537], [6, 26, 25]]}, "event-specific-arguments": {"condition": [[0.0, 0.0, 0.0], [0, 10, 10]], "trigger": [[0.14285714285510204, 0.14285714285510204, 0.14285714280510203], [1, 7, 7]], "start-time": [[0.14285714285510204, 0.14285714285510204, 0.14285714280510203], [1, 7, 7]], "type": [[0.0, 0.0, 0.0], [0, 23, 23]], "taper-medications": [[0.23529411764567476, 0.18181818181735537, 0.20512820507797502], [4, 17, 22]], "initial-dosage": [[0.46153846153491124, 0.599999999994, 0.5217391303810964], [6, 13, 10]], "current-dosage": [[0.3749999999976563, 0.3999999999973333, 0.387096774141103], [6, 16, 15]], "goal-dosage": [[0.09090909090867769, 0.09523809523764173, 0.09302325576354788], [2, 22, 21]], "target-duration": [[0.599999999988, 0.599999999988, 0.599999999938], [3, 5, 5]]}, "subject-effect-arguments": {"age": [[0.9999999999, 0.9999999999, 0.99999999985], [1, 1, 1]], "gender": [[0.0, 0.0, 0.0], [0, 2, 2]], "conditions": [[0.14285714285510204, 0.14285714285510204, 0.14285714280510203], [1, 7, 7]], "side-effects": [[0.4705882352913495, 0.3478260869550095, 0.399999999949125], [8, 17, 23]], "severity": [[0.099999999999, 0.1249999999984375, 0.11111111106049382], [1, 10, 8]], "start-time": [[0.0, 0.0, 0.0], [0, 6, 6]], "side-effect-duration": [[0.6666666666444444, 0.6666666666444444, 0.6666666665944444], [2, 3, 3]], "intervention": [[0.14285714285612244, 0.12499999999921876, 0.13333333328266667], [2, 14, 16]]}}, "relapse": {"main-arguments": {"subject/patient": [[0.057142857142693876, 0.05555555555540123, 0.056338028118865305], [2, 35, 36]], "relapse-event": [[0.10344827586171225, 0.07692307692287968, 0.08823529406846886], [3, 29, 39]], "resuming-moud-after-relapse": [[0.09999999999966667, 0.1071428571424745, 0.10344827581177171], [3, 30, 28]], "effects": [[0.38888888888672846, 0.31818181818037194, 0.34999999994875003], [7, 18, 22]]}, "event-specific-arguments": {"condition": [[0.11999999999952, 0.1071428571424745, 0.11320754711954432], [3, 25, 28]], "trigger": [[0.24999999999791667, 0.23076923076745562, 0.23999999994816001], [3, 12, 13]], "existing/current-medications": [[0.36666666666544445, 0.30555555555470676, 0.3333333332827364], [11, 30, 36]], "relapse-substance": [[0.3749999999988281, 0.2926829268285544, 0.32876712323753043], [12, 32, 41]], "relapse-duration": [[0.45454545454132234, 0.41666666666319446, 0.434782608641966], [5, 11, 12]], "relapse-intervention": [[0.10526315789418283, 0.07999999999968001, 0.09090909085960745], [2, 19, 25]], "waiting-time": [[0.5454545454495868, 0.46153846153491124, 0.4999999999461805], [6, 11, 13]]}, "subject-effect-arguments": {"age": [[0.3333333333222222, 0.499999999975, 0.399999999936], [1, 3, 2]], "gender": [[0.3333333333222222, 0.3333333333222222, 0.3333333332722222], [1, 3, 3]], "conditions": [[0.19999999999866666, 0.21428571428418366, 0.20689655167277052], [3, 15, 14]], "side-effects": [[0.3478260869550095, 0.3333333333319445, 0.34042553186346763], [8, 23, 24]], "severity": [[0.0, 0.0, 0.0], [0, 10, 9]], "start-time": [[0.0, 0.0, 0.0], [0, 6, 6]], "side-effect-duration": [[0.799999999984, 0.799999999984, 0.799999999934], [4, 5, 5]], "intervention": [[0.25925925925829907, 0.19444444444390432, 0.2222222221725372], [7, 27, 36]]}}}, "1-extractive_qa_fine_tuned_squad-0.99": {"taking-moud": {"main-arguments": {"subject/patient": [[0.0, 0.0, 0.0], [0, 40, 43]], "treatment": [[0.0, 0.0, 0.0], [0, 39, 41]], "effects": [[0.04347826086937619, 0.03333333333322223, 0.03773584900733357], [1, 23, 30]]}, "event-specific-arguments": {"medications": [[0.057142857142693876, 0.04651162790686857, 0.05128205123244576], [2, 35, 43]], "dosage": [[0.13043478260812855, 0.11538461538417161, 0.12244897954152437], [3, 23, 26]], "treatment-duration": [[0.24999999999791667, 0.24999999999791667, 0.24999999994791666], [3, 12, 12]], "manner": [[0.0, 0.0, 0.0], [0, 20, 21]], "frequency": [[0.04761904761882087, 0.04545454545433884, 0.04651162785678746], [1, 21, 22]], "timing": [[0.0, 0.0, 0.0], [0, 3, 3]], "purpose": [[0.0, 0.0, 0.0], [0, 23, 23]]}, "subject-effect-arguments": {"gender": [[0.0, 0.0, 0.0], [0, 1, 1]], "conditions": [[0.0, 0.0, 0.0], [0, 9, 11]], "side-effects": [[0.07692307692278107, 0.07407407407379973, 0.07547169806294056], [2, 26, 27]], "severity": [[0.0, 0.0, 0.0], [0, 15, 13]], "start-time": [[0.0, 0.0, 0.0], [0, 6, 6]], "side-effect-duration": [[0.3333333333222222, 0.3333333333222222, 0.3333333332722222], [1, 3, 3]], "intervention": [[0.0, 0.0, 0.0], [0, 23, 26]]}}, "tapering": {"main-arguments": {"subject/patient": [[0.03846153846139053, 0.039999999999840004, 0.03921568622437525], [1, 26, 25]], "effects": [[0.13333333333244443, 0.0999999999995, 0.11428571423608161], [2, 15, 20]], "tapering-event": [[0.0, 0.0, 0.0], [0, 26, 25]]}, "event-specific-arguments": {"condition": [[0.0, 0.0, 0.0], [0, 10, 10]], "trigger": [[0.0, 0.0, 0.0], [0, 7, 7]], "start-time": [[0.0, 0.0, 0.0], [0, 7, 7]], "type": [[0.0, 0.0, 0.0], [0, 23, 23]], "taper-medications": [[0.05882352941141869, 0.04545454545433884, 0.051282051232610135], [1, 17, 22]], "initial-dosage": [[0.1538461538449704, 0.199999999998, 0.17391304342759925], [2, 13, 10]], "current-dosage": [[0.06249999999960938, 0.06666666666622222, 0.06451612898189386], [1, 16, 15]], "goal-dosage": [[0.04545454545433884, 0.04761904761882087, 0.04651162785678746], [1, 22, 21]], "target-duration": [[0.0, 0.0, 0.0], [0, 5, 5]]}, "subject-effect-arguments": {"age": [[0.9999999999, 0.9999999999, 0.99999999985], [1, 1, 1]], "gender": [[0.0, 0.0, 0.0], [0, 2, 2]], "conditions": [[0.0, 0.0, 0.0], [0, 7, 7]], "side-effects": [[0.23529411764567476, 0.17391304347750475, 0.19999999995012502], [4, 17, 23]], "severity": [[0.0, 0.0, 0.0], [0, 10, 8]], "start-time": [[0.0, 0.0, 0.0], [0, 6, 6]], "side-effect-duration": [[0.6666666666444444, 0.6666666666444444, 0.6666666665944444], [2, 3, 3]], "intervention": [[0.0, 0.0, 0.0], [0, 14, 16]]}}, "relapse": {"main-arguments": {"subject/patient": [[0.0, 0.0, 0.0], [0, 35, 36]], "relapse-event": [[0.0, 0.0, 0.0], [0, 29, 39]], "resuming-moud-after-relapse": [[0.03333333333322223, 0.03571428571415817, 0.034482758570630205], [1, 30, 28]],