{"1-generative-qa-flan-t5-large-0.749": {"taking-moud": {"main-arguments": {"subject/patient": [[0.5333333333321482, 0.558139534882423, 0.5454545454033316], [24, 45, 43]], "treatment": [[0.5116279069755544, 0.5365853658523497, 0.523809523758305], [22, 43, 41]], "effects": [[0.1999999999992, 0.16666666666611113, 0.1818181817679339], [5, 25, 30]]}, "event-specific-arguments": {"medications": [[0.6285714285696327, 0.5116279069755544, 0.5641025640516436], [22, 35, 43]], "dosage": [[0.7826086956487713, 0.6923076923050296, 0.7346938774982091], [18, 23, 26]], "treatment-duration": [[0.49999999999583333, 0.49999999999583333, 0.49999999994583333], [6, 12, 12]], "manner": [[0.34999999999825004, 0.3333333333317461, 0.34146341458251045], [7, 20, 21]], "frequency": [[0.2999999999985, 0.2727272727260331, 0.2857142856630386], [6, 20, 22]], "timing": [[0.6666666666444444, 0.6666666666444444, 0.6666666665944444], [2, 3, 3]], "purpose": [[0.31818181818037194, 0.30434782608563327, 0.31111111105975314], [7, 22, 23]]}, "subject-effect-arguments": {"gender": [[0.0, 0.0, 0.0], [0, 1, 1]], "conditions": [[0.3333333333296296, 0.2727272727247934, 0.2999999999475], [3, 9, 11]], "side-effects": [[0.35714285714158167, 0.37037037036899867, 0.36363636358505785], [10, 28, 27]], "severity": [[0.23076923076745562, 0.23076923076745562, 0.23076923071745561], [3, 13, 13]], "start-time": [[0.0, 0.0, 0.0], [0, 6, 6]], "side-effect-duration": [[0.0, 0.0, 0.0], [0, 3, 3]], "intervention": [[0.29629629629519894, 0.30769230769112427, 0.30188679240170885], [8, 27, 26]]}}, "tapering": {"main-arguments": {"subject/patient": [[0.5833333333309029, 0.5599999999977601, 0.5714285713762599], [14, 24, 25]], "effects": [[0.4705882352913495, 0.399999999998, 0.4324324323804237], [8, 17, 20]], "tapering-event": [[0.2631578947361496, 0.3999999999984, 0.31746031741143865], [10, 38, 25]]}, "event-specific-arguments": {"condition": [[0.1538461538449704, 0.199999999998, 0.17391304342759925], [2, 13, 10]], "trigger": [[0.0, 0.0, 0.0], [0, 7, 7]], "start-time": [[0.4285714285653061, 0.4285714285653061, 0.4285714285153061], [3, 7, 7]], "type": [[0.8695652173875237, 0.8695652173875237, 0.8695652173375237], [20, 23, 23]], "taper-medications": [[0.5714285714258504, 0.5454545454520662, 0.558139534831152], [12, 21, 22]], "initial-dosage": [[0.799999999992, 0.799999999992, 0.799999999942], [8, 10, 10]], "current-dosage": [[0.46666666666355555, 0.46666666666355555, 0.46666666661355555], [7, 15, 15]], "goal-dosage": [[0.8571428571387756, 0.8571428571387756, 0.8571428570887756], [18, 21, 21]], "target-duration": [[0.0, 0.0, 0.0], [0, 5, 5]]}, "subject-effect-arguments": {"age": [[0.9999999999, 0.9999999999, 0.99999999985], [1, 1, 1]], "gender": [[0.0, 0.0, 0.0], [0, 2, 2]], "conditions": [[0.14285714285510204, 0.14285714285510204, 0.14285714280510203], [1, 7, 7]], "side-effects": [[0.5714285714258504, 0.5217391304325142, 0.5454545454021694], [12, 21, 23]], "severity": [[0.1249999999984375, 0.1249999999984375, 0.1249999999484375], [1, 8, 8]], "start-time": [[0.33333333332777776, 0.33333333332777776, 0.33333333327777775], [2, 6, 6]], "side-effect-duration": [[0.0, 0.0, 0.0], [0, 3, 3]], "intervention": [[0.21428571428418366, 0.18749999999882816, 0.1999999999488889], [3, 14, 16]]}}, "relapse": {"main-arguments": {"subject/patient": [[0.5749999999985624, 0.6388888888871141, 0.6052631578432826], [23, 40, 36]], "relapse-event": [[0.44444444444320985, 0.4102564102553583, 0.4266666666156088], [16, 36, 39]], "resuming-moud-after-relapse": [[0.16666666666611113, 0.17857142857079084, 0.1724137930529132], [5, 30, 28]], "effects": [[0.34999999999825004, 0.31818181818037194, 0.33333333328185943], [7, 20, 22]]}, "event-specific-arguments": {"condition": [[0.27999999999888003, 0.24999999999910716, 0.26415094334538985], [7, 25, 28]], "trigger": [[0.0, 0.0, 0.0], [0, 12, 13]], "existing/current-medications": [[0.6111111111094135, 0.6111111111094135, 0.6111111110594135], [22, 36, 36]], "relapse-substance": [[0.6666666666648148, 0.5853658536571088, 0.6233766233252149], [24, 36, 41]], "relapse-duration": [[0.09090909090826446, 0.08333333333263888, 0.08695652168846879], [1, 11, 12]], "relapse-intervention": [[0.0, 0.0, 0.0], [0, 23, 25]], "waiting-time": [[0.36363636363305785, 0.3076923076899408, 0.33333333328090275], [4, 11, 13]]}, "subject-effect-arguments": {"age": [[0.499999999975, 0.499999999975, 0.499999999925], [1, 2, 2]], "gender": [[0.0, 0.0, 0.0], [0, 3, 3]], "conditions": [[0.1538461538449704, 0.14285714285612244, 0.14814814809711932], [2, 13, 14]], "side-effects": [[0.38095238095056694, 0.3333333333319445, 0.35555555550419754], [8, 21, 24]], "severity": [[0.11111111110987654, 0.11111111110987654, 0.11111111105987652], [1, 9, 9]], "start-time": [[0.0, 0.0, 0.0], [0, 6, 6]], "side-effect-duration": [[0.199999999996, 0.199999999996, 0.19999999994599998], [1, 5, 5]], "intervention": [[0.428571428569898, 0.3333333333324074, 0.37499999994960936], [12, 28, 36]]}}}, "1-generative-qa-flan-t5-large-0.99": {"taking-moud": {"main-arguments": {"subject/patient": [[0.04444444444434568, 0.04651162790686857, 0.04545454540446797], [2, 45, 43]], "treatment": [[0.06976744186030287, 0.0731707317071386, 0.07142857137842969], [3, 43, 41]], "effects": [[0.039999999999840004, 0.03333333333322223, 0.03636363631391736], [1, 25, 30]]}, "event-specific-arguments": {"medications": [[0.5428571428555918, 0.44186046511525146, 0.48717948712876397], [19, 35, 43]], "dosage": [[0.3478260869550095, 0.30769230769112427, 0.3265306121937526], [8, 23, 26]], "treatment-duration": [[0.41666666666319446, 0.41666666666319446, 0.41666666661319446], [5, 12, 12]], "manner": [[0.34999999999825004, 0.3333333333317461, 0.34146341458251045], [7, 20, 21]], "frequency": [[0.199999999999, 0.18181818181735537, 0.19047619042539682], [4, 20, 22]], "timing": [[0.6666666666444444, 0.6666666666444444, 0.6666666665944444], [2, 3, 3]], "purpose": [[0.18181818181735537, 0.17391304347750475, 0.17777777772701234], [4, 22, 23]]}, "subject-effect-arguments": {"gender": [[0.0, 0.0, 0.0], [0, 1, 1]], "conditions": [[0.11111111110987654, 0.09090909090826446, 0.0999999999495], [1, 9, 11]], "side-effects": [[0.214285714284949, 0.2222222222213992, 0.21818181813104132], [6, 28, 27]], "severity": [[0.0, 0.0, 0.0], [0, 13, 13]], "start-time": [[0.0, 0.0, 0.0], [0, 6, 6]], "side-effect-duration": [[0.0, 0.0, 0.0], [0, 3, 3]], "intervention": [[0.07407407407379973, 0.07692307692278107, 0.07547169806294056], [2, 27, 26]]}}, "tapering": {"main-arguments": {"subject/patient": [[0.0, 0.0, 0.0], [0, 24, 25]], "effects": [[0.2941176470570935, 0.24999999999875003, 0.2702702702191381], [5, 17, 20]], "tapering-event": [[0.02631578947361496, 0.039999999999840004, 0.03174603169805997], [1, 38, 25]]}, "event-specific-arguments": {"condition": [[0.0, 0.0, 0.0], [0, 13, 10]], "trigger": [[0.0, 0.0, 0.0], [0, 7, 7]], "start-time": [[0.2857142857102041, 0.2857142857102041, 0.28571428566020407], [2, 7, 7]], "type": [[0.8260869565181476, 0.8260869565181476, 0.8260869564681477], [19, 23, 23]], "taper-medications": [[0.47619047618820864, 0.45454545454338846, 0.46511627901763114], [10, 21, 22]], "initial-dosage": [[0.499999999995, 0.499999999995, 0.499999999945], [5, 10, 10]], "current-dosage": [[0.13333333333244443, 0.13333333333244443, 0.13333333328244443], [2, 15, 15]], "goal-dosage": [[0.47619047618820864, 0.47619047618820864, 0.47619047613820864], [10, 21, 21]], "target-duration": [[0.0, 0.0, 0.0], [0, 5, 5]]}, "subject-effect-arguments": {"age": [[0.0, 0.0, 0.0], [0, 1, 1]], "gender": [[0.0, 0.0, 0.0], [0, 2, 2]], "conditions": [[0.14285714285510204, 0.14285714285510204, 0.14285714280510203], [1, 7, 7]], "side-effects": [[0.2857142857129252, 0.2608695652162571, 0.2727272726761364], [6, 21, 23]], "severity": [[0.1249999999984375, 0.1249999999984375, 0.1249999999484375], [1, 8, 8]], "start-time": [[0.0, 0.0, 0.0], [0, 6, 6]], "side-effect-duration": [[0.0, 0.0, 0.0], [0, 3, 3]],