{"batch_description_guided_0.749": {"taking-moud": {"main-arguments": {"subject/patient": [[0.3409090909083161, 0.3488372093015143, 0.3448275861561104], [15, 44, 43]], "treatment": [[0.33846153846101773, 0.5365853658523497, 0.41509433957442143], [22, 65, 41]], "effects": [[0.20408163265264473, 0.33333333333222226, 0.2531645569142766], [10, 49, 30]]}, "event-specific-arguments": {"medications": [[0.42307692307610945, 0.5116279069755544, 0.4631578946863158], [22, 52, 43]], "dosage": [[0.48387096774037464, 0.576923076920858, 0.5263157894222222], [15, 31, 26]], "treatment-duration": [[0.3749999999976563, 0.49999999999583333, 0.4285714285193878], [6, 16, 12]], "manner": [[0.04999999999975, 0.04761904761882087, 0.04878048775466984], [1, 20, 21]], "frequency": [[0.11999999999952, 0.13636363636301654, 0.12765957441774559], [3, 25, 22]], "timing": [[0.3333333333222222, 0.3333333333222222, 0.3333333332722222], [1, 3, 3]], "purpose": [[0.2727272727260331, 0.2608695652162571, 0.2666666666155062], [6, 22, 23]]}, "subject-effect-arguments": {"gender": [[0.0, 0.0, 0.0], [0, 1, 1]], "conditions": [[0.3076923076899408, 0.36363636363305785, 0.33333333328090275], [4, 13, 11]], "side-effects": [[0.361111111110108, 0.48148148147969827, 0.4126984126481229], [13, 36, 27]], "severity": [[0.07142857142806122, 0.0769230769224852, 0.07407407402359395], [1, 14, 13]], "start-time": [[0.33333333332777776, 0.33333333332777776, 0.33333333327777775], [2, 6, 6]], "side-effect-duration": [[0.0, 0.0, 0.0], [0, 3, 3]], "intervention": [[0.34374999999892575, 0.4230769230752959, 0.3793103447768133], [11, 32, 26]]}}, "tapering": {"main-arguments": {"subject/patient": [[0.4230769230752959, 0.43999999999824, 0.4313725489679354], [11, 26, 25]], "effects": [[0.4999999999982143, 0.6999999999965001, 0.5833333332822916], [14, 28, 20]], "tapering-event": [[0.16279069767404, 0.27999999999888003, 0.2058823528940744], [7, 43, 25]]}, "event-specific-arguments": {"condition": [[0.3124999999980469, 0.499999999995, 0.38461538456508876], [5, 16, 10]], "trigger": [[0.1249999999984375, 0.14285714285510204, 0.13333333328177777], [1, 8, 7]], "start-time": [[0.2857142857102041, 0.2857142857102041, 0.28571428566020407], [2, 7, 7]], "type": [[0.478260869563138, 0.478260869563138, 0.478260869513138], [11, 23, 23]], "taper-medications": [[0.7619047619011339, 0.7272727272694215, 0.7441860464581938], [16, 21, 22]], "initial-dosage": [[0.499999999995, 0.499999999995, 0.499999999945], [5, 10, 10]], "current-dosage": [[0.6666666666622222, 0.6666666666622222, 0.6666666666122222], [10, 15, 15]], "goal-dosage": [[0.19047619047528347, 0.19047619047528347, 0.19047619042528346], [4, 21, 21]], "target-duration": [[0.0, 0.0, 0.0], [0, 5, 5]]}, "subject-effect-arguments": {"age": [[0.0, 0.0, 0.0], [0, 1, 1]], "gender": [[0.0, 0.0, 0.0], [0, 2, 2]], "conditions": [[0.1249999999984375, 0.14285714285510204, 0.13333333328177777], [1, 8, 7]], "side-effects": [[0.46428571428405613, 0.5652173913018904, 0.5098039215171088], [13, 28, 23]], "severity": [[0.3749999999953125, 0.3749999999953125, 0.3749999999453125], [3, 8, 8]], "start-time": [[0.49999999999166667, 0.49999999999166667, 0.49999999994166666], [3, 6, 6]], "side-effect-duration": [[0.0, 0.0, 0.0], [0, 6, 3]], "intervention": [[0.27999999999888003, 0.4374999999972657, 0.34146341458488993], [7, 25, 16]]}}, "relapse": {"main-arguments": {"subject/patient": [[0.20930232558090858, 0.24999999999930556, 0.22784810121563853], [9, 43, 36]], "relapse-event": [[0.487179487178238, 0.487179487178238, 0.487179487128238], [19, 39, 39]], "resuming-moud-after-relapse": [[0.17142857142808163, 0.214285714284949, 0.1904761904262031], [6, 35, 28]], "effects": [[0.4166666666649306, 0.45454545454338846, 0.4347826086438563], [10, 24, 22]]}, "event-specific-arguments": {"condition": [[0.35714285714158167, 0.35714285714158167, 0.35714285709158167], [10, 28, 28]], "trigger": [[0.3076923076899408, 0.3076923076899408, 0.3076923076399408], [4, 13, 13]], "existing/current-medications": [[0.3673469387747605, 0.4999999999986111, 0.42352941171487885], [18, 49, 36]], "relapse-substance": [[0.49999999999868416, 0.46341463414521117, 0.48101265817670236], [19, 38, 41]], "relapse-duration": [[0.36363636363305785, 0.33333333333055554, 0.3478260869035916], [4, 11, 12]], "relapse-intervention": [[0.33333333333222226, 0.3999999999984, 0.36363636358545465], [10, 30, 25]], "waiting-time": [[0.1538461538449704, 0.1538461538449704, 0.1538461537949704], [2, 13, 13]]}, "subject-effect-arguments": {"age": [[0.99999999995, 0.99999999995, 0.9999999999], [2, 2, 2]], "gender": [[0.3333333333222222, 0.3333333333222222, 0.3333333332722222], [1, 3, 3]], "conditions": [[0.1538461538449704, 0.14285714285612244, 0.14814814809711932], [2, 13, 14]], "side-effects": [[0.2903225806442248, 0.3749999999984375, 0.32727272722234707], [9, 31, 24]], "severity": [[0.3333333333296296, 0.3333333333296296, 0.3333333332796296], [3, 9, 9]], "start-time": [[0.33333333332777776, 0.33333333332777776, 0.33333333327777775], [2, 6, 6]], "side-effect-duration": [[0.199999999996, 0.199999999996, 0.19999999994599998], [1, 5, 5]], "intervention": [[0.3863636363627582, 0.4722222222209105, 0.42499999994943743], [17, 44, 36]]}}}, "batch_description_guided_0.99": {"taking-moud": {"main-arguments": {"subject/patient": [[0.0, 0.0, 0.0], [0, 44, 43]], "treatment": [[0.06153846153836686, 0.09756097560951814, 0.07547169806562834], [4, 65, 41]], "effects": [[0.12244897959158683, 0.19999999999933335, 0.1518987341297228], [6, 49, 30]]}, "event-specific-arguments": {"medications": [[0.3653846153839127, 0.44186046511525146, 0.3999999999496066], [19, 52, 43]], "dosage": [[0.2580645161281998, 0.30769230769112427, 0.28070175433536476], [8, 31, 26]], "treatment-duration": [[0.24999999999843753, 0.33333333333055554, 0.28571428566326534], [4, 16, 12]], "manner": [[0.0, 0.0, 0.0], [0, 20, 21]], "frequency": [[0.07999999999968001, 0.09090909090867769, 0.08510638292856496], [2, 25, 22]], "timing": [[0.0, 0.0, 0.0], [0, 3, 3]], "purpose": [[0.04545454545433884, 0.04347826086937619, 0.04444444439427161], [1, 22, 23]]}, "subject-effect-arguments": {"gender": [[0.0, 0.0, 0.0], [0, 1, 1]], "conditions": [[0.3076923076899408, 0.36363636363305785, 0.33333333328090275], [4, 13, 11]], "side-effects": [[0.1388888888885031, 0.18518518518449933, 0.15873015868067525], [5, 36, 27]], "severity": [[0.0, 0.0, 0.0], [0, 14, 13]], "start-time": [[0.0, 0.0, 0.0], [0, 6, 6]], "side-effect-duration": [[0.0, 0.0, 0.0], [0, 3, 3]], "intervention": [[0.062499999999804684, 0.07692307692278107, 0.06896551719167657], [2, 32, 26]]}}, "tapering": {"main-arguments": {"subject/patient": [[0.0, 0.0, 0.0], [0, 26, 25]], "effects": [[0.24999999999910716, 0.34999999999825004, 0.29166666661684026], [7, 28, 20]], "tapering-event": [[0.0, 0.0, 0.0], [0, 43, 25]]}, "event-specific-arguments": {"condition": [[0.0, 0.0, 0.0], [0, 16, 10]], "trigger": [[0.0, 0.0, 0.0], [0, 8, 7]], "start-time": [[0.14285714285510204, 0.14285714285510204, 0.14285714280510203], [1, 7, 7]], "type": [[0.478260869563138, 0.478260869563138, 0.478260869513138], [11, 23, 23]], "taper-medications": [[0.47619047618820864, 0.45454545454338846, 0.46511627901763114], [10, 21, 22]], "initial-dosage": [[0.099999999999, 0.099999999999, 0.099999999949], [1, 10, 10]], "current-dosage": [[0.19999999999866666, 0.19999999999866666, 0.19999999994866666], [3, 15, 15]], "goal-dosage": [[0.1428571428564626, 0.1428571428564626, 0.14285714280646258], [3, 21, 21]], "target-duration": [[0.0, 0.0, 0.0], [0, 5, 5]]}, "subject-effect-arguments": {"age": [[0.0, 0.0, 0.0], [0, 1, 1]], "gender": [[0.0, 0.0, 0.0], [0, 2, 2]], "conditions": [[0.1249999999984375, 0.14285714285510204, 0.13333333328177777], [1, 8, 7]], "side-effects": [[0.214285714284949, 0.2608695652162571, 0.2352941175966167], [6, 28, 23]], "severity": [[0.0, 0.0, 0.0], [0, 8, 8]], "start-time": [[0.16666666666388888, 0.16666666666388888, 0.16666666661388888], [1, 6, 6]],