{"2-generative-qa-flan-t5-base-0.749": {"taking-moud": {"main-arguments": {"subject/patient": [[0.42857142857040814, 0.41860465116181717, 0.4235294117137162], [18, 42, 43]], "treatment": [[0.44999999999887497, 0.43902439024283163, 0.4444444443933546], [18, 40, 41]], "effects": [[0.1999999999992, 0.16666666666611113, 0.1818181817679339], [5, 25, 30]]}, "event-specific-arguments": {"medications": [[0.4864864864851716, 0.41860465116181717, 0.4499999999491562], [18, 37, 43]], "dosage": [[0.6086956521712665, 0.5384615384594675, 0.5714285713764264], [14, 23, 26]], "treatment-duration": [[0.16666666666527777, 0.16666666666527777, 0.16666666661527776], [2, 12, 12]], "manner": [[0.599999999997, 0.5714285714258504, 0.5853658536057108], [12, 20, 21]], "frequency": [[0.24999999999875003, 0.22727272727169423, 0.23809523804421773], [5, 20, 22]], "timing": [[0.0, 0.0, 0.0], [0, 3, 3]], "purpose": [[0.22727272727169423, 0.21739130434688092, 0.22222222217125928], [5, 22, 23]]}, "subject-effect-arguments": {"gender": [[0.0, 0.0, 0.0], [0, 1, 1]], "conditions": [[0.11111111110987654, 0.09090909090826446, 0.0999999999495], [1, 9, 11]], "side-effects": [[0.2580645161281998, 0.29629629629519894, 0.2758620689148038], [8, 31, 27]], "severity": [[0.0769230769224852, 0.0769230769224852, 0.0769230768724852], [1, 13, 13]], "start-time": [[0.0, 0.0, 0.0], [0, 6, 6]], "side-effect-duration": [[0.0, 0.0, 0.0], [0, 3, 3]], "intervention": [[0.11999999999952, 0.11538461538417161, 0.11764705877308729], [3, 25, 26]]}}, "tapering": {"main-arguments": {"subject/patient": [[0.4166666666649306, 0.3999999999984, 0.4081632652544773], [10, 24, 25]], "effects": [[0.5624999999964845, 0.44999999999775003, 0.49999999994783956], [9, 16, 20]], "tapering-event": [[0.2727272727260331, 0.23999999999904, 0.25531914888528745], [6, 22, 25]]}, "event-specific-arguments": {"condition": [[0.0, 0.0, 0.0], [0, 10, 10]], "trigger": [[0.0, 0.0, 0.0], [0, 7, 7]], "start-time": [[0.2857142857102041, 0.2857142857102041, 0.28571428566020407], [2, 7, 7]], "type": [[0.8695652173875237, 0.8695652173875237, 0.8695652173375237], [20, 23, 23]], "taper-medications": [[0.47368421052382276, 0.4090909090890496, 0.43902439019202855], [9, 19, 22]], "initial-dosage": [[0.899999999991, 0.899999999991, 0.899999999941], [9, 10, 10]], "current-dosage": [[0.3999999999973333, 0.3999999999973333, 0.3999999999473333], [6, 15, 15]], "goal-dosage": [[0.38095238095056694, 0.38095238095056694, 0.38095238090056693], [8, 21, 21]], "target-duration": [[0.199999999996, 0.199999999996, 0.19999999994599998], [1, 5, 5]]}, "subject-effect-arguments": {"age": [[0.0, 0.0, 0.0], [0, 1, 1]], "gender": [[0.0, 0.0, 0.0], [0, 2, 2]], "conditions": [[0.0, 0.0, 0.0], [0, 7, 7]], "side-effects": [[0.41176470587993086, 0.30434782608563327, 0.349999999949375], [7, 17, 23]], "severity": [[0.1249999999984375, 0.1249999999984375, 0.1249999999484375], [1, 8, 8]], "start-time": [[0.16666666666388888, 0.16666666666388888, 0.16666666661388888], [1, 6, 6]], "side-effect-duration": [[0.6666666666444444, 0.6666666666444444, 0.6666666665944444], [2, 3, 3]], "intervention": [[0.22222222222098767, 0.24999999999843753, 0.23529411759584776], [4, 18, 16]]}}, "relapse": {"main-arguments": {"subject/patient": [[0.487179487178238, 0.5277777777763117, 0.5066666666153955], [19, 39, 36]], "relapse-event": [[0.31249999999902345, 0.2564102564095989, 0.2816901407947629], [10, 32, 39]], "resuming-moud-after-relapse": [[0.03703703703689987, 0.03571428571415817, 0.03636363631352067], [1, 27, 28]], "effects": [[0.199999999999, 0.18181818181735537, 0.19047619042539682], [4, 20, 22]]}, "event-specific-arguments": {"condition": [[0.11999999999952, 0.1071428571424745, 0.11320754711954432], [3, 25, 28]], "trigger": [[0.0769230769224852, 0.0769230769224852, 0.0769230768724852], [1, 13, 13]], "existing/current-medications": [[0.6060606060587694, 0.5555555555540124, 0.5797101448759504], [20, 33, 36]], "relapse-substance": [[0.4285714285702041, 0.365853658535693, 0.39473684205453596], [15, 35, 41]], "relapse-duration": [[0.18181818181652892, 0.16666666666527777, 0.17391304342684308], [2, 11, 12]], "relapse-intervention": [[0.0, 0.0, 0.0], [0, 22, 25]], "waiting-time": [[0.09090909090826446, 0.0769230769224852, 0.0833333332829861], [1, 11, 13]]}, "subject-effect-arguments": {"age": [[0.0, 0.0, 0.0], [0, 2, 2]], "gender": [[0.0, 0.0, 0.0], [0, 3, 3]], "conditions": [[0.0769230769224852, 0.07142857142806122, 0.07407407402359395], [1, 13, 14]], "side-effects": [[0.31818181818037194, 0.29166666666545144, 0.3043478260357278], [7, 22, 24]], "severity": [[0.0, 0.0, 0.0], [0, 9, 9]], "start-time": [[0.0, 0.0, 0.0], [0, 6, 6]], "side-effect-duration": [[0.199999999996, 0.199999999996, 0.19999999994599998], [1, 5, 5]], "intervention": [[0.2222222222213992, 0.1666666666662037, 0.1904761904266062], [6, 27, 36]]}}}, "2-generative-qa-flan-t5-base-0.99": {"taking-moud": {"main-arguments": {"subject/patient": [[0.0, 0.0, 0.0], [0, 42, 43]], "treatment": [[0.0749999999998125, 0.0731707317071386, 0.07407407402389878], [3, 40, 41]], "effects": [[0.07999999999968001, 0.06666666666644445, 0.07272727267742149], [2, 25, 30]]}, "event-specific-arguments": {"medications": [[0.4054054054043097, 0.3488372093015143, 0.37499999994934374], [15, 37, 43]], "dosage": [[0.2608695652162571, 0.23076923076834321, 0.2448979591328613], [6, 23, 26]], "treatment-duration": [[0.16666666666527777, 0.16666666666527777, 0.16666666661527776], [2, 12, 12]], "manner": [[0.599999999997, 0.5714285714258504, 0.5853658536057108], [12, 20, 21]], "frequency": [[0.14999999999925, 0.13636363636301654, 0.14285714280657597], [3, 20, 22]], "timing": [[0.0, 0.0, 0.0], [0, 3, 3]], "purpose": [[0.0, 0.0, 0.0], [0, 22, 23]]}, "subject-effect-arguments": {"gender": [[0.0, 0.0, 0.0], [0, 1, 1]], "conditions": [[0.0, 0.0, 0.0], [0, 9, 11]], "side-effects": [[0.09677419354807493, 0.1111111111106996, 0.10344827581195007], [3, 31, 27]], "severity": [[0.0, 0.0, 0.0], [0, 13, 13]], "start-time": [[0.0, 0.0, 0.0], [0, 6, 6]], "side-effect-duration": [[0.0, 0.0, 0.0], [0, 3, 3]], "intervention": [[0.039999999999840004, 0.03846153846139053, 0.03921568622437525], [1, 25, 26]]}}, "tapering": {"main-arguments": {"subject/patient": [[0.0, 0.0, 0.0], [0, 24, 25]], "effects": [[0.24999999999843753, 0.199999999999, 0.22222222217160495], [4, 16, 20]], "tapering-event": [[0.0, 0.0, 0.0], [0, 22, 25]]}, "event-specific-arguments": {"condition": [[0.0, 0.0, 0.0], [0, 10, 10]], "trigger": [[0.0, 0.0, 0.0], [0, 7, 7]], "start-time": [[0.14285714285510204, 0.14285714285510204, 0.14285714280510203], [1, 7, 7]], "type": [[0.8260869565181476, 0.8260869565181476, 0.8260869564681477], [19, 23, 23]], "taper-medications": [[0.42105263157673134, 0.36363636363471075, 0.3902439023873885], [8, 19, 22]], "initial-dosage": [[0.299999999997, 0.299999999997, 0.299999999947], [3, 10, 10]], "current-dosage": [[0.0, 0.0, 0.0], [0, 15, 15]], "goal-dosage": [[0.09523809523764173, 0.09523809523764173, 0.09523809518764173], [2, 21, 21]], "target-duration": [[0.199999999996, 0.199999999996, 0.19999999994599998], [1, 5, 5]]}, "subject-effect-arguments": {"age": [[0.0, 0.0, 0.0], [0, 1, 1]], "gender": [[0.0, 0.0, 0.0], [0, 2, 2]], "conditions": [[0.0, 0.0, 0.0], [0, 7, 7]], "side-effects": [[0.17647058823425607, 0.13043478260812855, 0.149999999950375], [3, 17, 23]], "severity": [[0.1249999999984375, 0.1249999999984375, 0.1249999999484375], [1, 8, 8]], "start-time": [[0.0, 0.0, 0.0], [0, 6, 6]], "side-effect-duration": [[0.3333333333222222, 0.3333333333222222, 0.3333333332722222], [1, 3, 3]], "intervention": [[0.05555555555524692, 0.06249999999960938, 0.0588235293615917], [1, 18, 16]]}}, "relapse": {"main-arguments": {"subject/patient": [[0.025641025640959894, 0.027777777777700616, 0.026666666616675553], [1, 39, 36]], "relapse-event": [[0.031249999999902342, 0.025641025640959894, 0.028169014034913707], [1, 32, 39]], "resuming-moud-after-relapse": [[0.0, 0.0, 0.0], [0, 27, 28]],