{"Mixtral-8x7B-Instruct-description-guided": {"0-explicit-rm": 0.5277777777777778, "0-implicit-rm": 0.28016359918200406, "0-scattered-rm": 0.4838709677419355, "0-explicit-em": 0.345679012345679, "0-implicit-em": 0.065439672801636, "0-scattered-em": 0.03225806451612903, "1-explicit-rm": 0.5185185185185185, "1-implicit-rm": 0.2719836400817996, "1-scattered-rm": 0.4838709677419355, "1-explicit-em": 0.3487654320987654, "1-implicit-em": 0.06339468302658487, "1-scattered-em": 0.026881720430107527, "2-explicit-rm": 0.5216049382716049, "2-implicit-rm": 0.2740286298568507, "2-scattered-rm": 0.478494623655914, "2-explicit-em": 0.3487654320987654, "2-implicit-em": 0.06748466257668712, "2-scattered-em": 0.026881720430107527}, "Mixtral-8x7B-Instruct-question-guided": {"0-explicit-rm": 0.4845679012345679, "0-implicit-rm": 0.2658486707566462, "0-scattered-rm": 0.4946236559139785, "0-explicit-em": 0.3117283950617284, "0-implicit-em": 0.07566462167689161, "0-scattered-em": 0.026881720430107527, "1-explicit-rm": 0.4691358024691358, "1-implicit-rm": 0.2719836400817996, "1-scattered-rm": 0.5053763440860215, "1-explicit-em": 0.30864197530864196, "1-implicit-em": 0.07770961145194274, "1-scattered-em": 0.026881720430107527, "2-explicit-rm": 0.48148148148148145, "2-implicit-rm": 0.26789366053169733, "2-scattered-rm": 0.5161290322580645, "2-explicit-em": 0.3117283950617284, "2-implicit-em": 0.0736196319018405, "2-scattered-em": 0.026881720430107527}}