{"Llama-3-70B-Instruct-description-guided": {"0-explicit-rm": 0.5, "0-implicit-rm": 0.26993865030674846, "0-scattered-rm": 0.41935483870967744, "0-explicit-em": 0.37037037037037035, "0-implicit-em": 0.0736196319018405, "0-scattered-em": 0.03225806451612903, "1-explicit-rm": 0.5401234567901234, "1-implicit-rm": 0.26993865030674846, "1-scattered-rm": 0.44623655913978494, "1-explicit-em": 0.4166666666666667, "1-implicit-em": 0.06748466257668712, "1-scattered-em": 0.043010752688172046, "2-explicit-rm": 0.5401234567901234, "2-implicit-rm": 0.26993865030674846, "2-scattered-rm": 0.43548387096774194, "2-explicit-em": 0.41358024691358025, "2-implicit-em": 0.06748466257668712, "2-scattered-em": 0.043010752688172046}, "Llama-3-70B-Instruct-question-guided": {"0-explicit-rm": 0.5, "0-implicit-rm": 0.2903885480572597, "0-scattered-rm": 0.3602150537634409, "0-explicit-em": 0.4012345679012346, "0-implicit-em": 0.08997955010224949, "0-scattered-em": 0.016129032258064516, "1-explicit-rm": 0.5524691358024691, "1-implicit-rm": 0.2822085889570552, "1-scattered-rm": 0.43548387096774194, "1-explicit-em": 0.4166666666666667, "1-implicit-em": 0.081799591002045, "1-scattered-em": 0.021505376344086023, "2-explicit-rm": 0.5524691358024691, "2-implicit-rm": 0.278118609406953, "2-scattered-rm": 0.44086021505376344, "2-explicit-em": 0.4166666666666667, "2-implicit-em": 0.081799591002045, "2-scattered-em": 0.021505376344086023}}