{"gemma-1.1-7b-it-description-guided": {"0-explicit-rm": 0.3734567901234568, "0-implicit-rm": 0.2331288343558282, "0-scattered-rm": 0.2903225806451613, "0-explicit-em": 0.2777777777777778, "0-implicit-em": 0.07566462167689161, "0-scattered-em": 0.005376344086021506, "1-explicit-rm": 0.38271604938271603, "1-implicit-rm": 0.24539877300613497, "1-scattered-rm": 0.27956989247311825, "1-explicit-em": 0.2623456790123457, "1-implicit-em": 0.0736196319018405, "1-scattered-em": 0.010752688172043012, "2-explicit-rm": 0.38271604938271603, "2-implicit-rm": 0.24539877300613497, "2-scattered-rm": 0.27956989247311825, "2-explicit-em": 0.2623456790123457, "2-implicit-em": 0.0736196319018405, "2-scattered-em": 0.010752688172043012}, "gemma-1.1-7b-it-question-guided": {"0-explicit-rm": 0.4166666666666667, "0-implicit-rm": 0.2310838445807771, "0-scattered-rm": 0.26344086021505375, "0-explicit-em": 0.32098765432098764, "0-implicit-em": 0.06952965235173825, "0-scattered-em": 0.016129032258064516, "1-explicit-rm": 0.39197530864197533, "1-implicit-rm": 0.25971370143149286, "1-scattered-rm": 0.2849462365591398, "1-explicit-em": 0.30246913580246915, "1-implicit-em": 0.08793456032719836, "1-scattered-em": 0.010752688172043012, "2-explicit-rm": 0.39197530864197533, "2-implicit-rm": 0.25971370143149286, "2-scattered-rm": 0.2849462365591398, "2-explicit-em": 0.30246913580246915, "2-implicit-em": 0.08793456032719836, "2-scattered-em": 0.010752688172043012}}