{"gpt-4o-description-guided": {"0-explicit-rm": 0.5339506172839507, "0-implicit-rm": 0.3312883435582822, "0-scattered-rm": 0.553763440860215, "0-explicit-em": 0.37962962962962965, "0-implicit-em": 0.10633946830265849, "0-scattered-em": 0.03225806451612903, "1-explicit-rm": 0.5339506172839507, "1-implicit-rm": 0.33537832310838445, "1-scattered-rm": 0.5376344086021505, "1-explicit-em": 0.37037037037037035, "1-implicit-em": 0.1083844580777096, "1-scattered-em": 0.03225806451612903, "2-explicit-rm": 0.5339506172839507, "2-implicit-rm": 0.3374233128834356, "2-scattered-rm": 0.532258064516129, "2-explicit-em": 0.3888888888888889, "2-implicit-em": 0.1083844580777096, "2-scattered-em": 0.03225806451612903}, "gpt-4o-question-guided": {"0-explicit-rm": 0.5709876543209876, "0-implicit-rm": 0.3660531697341513, "0-scattered-rm": 0.5053763440860215, "0-explicit-em": 0.3950617283950617, "0-implicit-em": 0.12065439672801637, "0-scattered-em": 0.03225806451612903, "1-explicit-rm": 0.5339506172839507, "1-implicit-rm": 0.36400817995910023, "1-scattered-rm": 0.46774193548387094, "1-explicit-em": 0.39814814814814814, "1-implicit-em": 0.1165644171779141, "1-scattered-em": 0.026881720430107527, "2-explicit-rm": 0.5493827160493827, "2-implicit-rm": 0.3660531697341513, "2-scattered-rm": 0.521505376344086, "2-explicit-em": 0.4012345679012346, "2-implicit-em": 0.11860940695296524, "2-scattered-em": 0.03225806451612903}}