{"Llama-3-8B-Instruct-description-guided": {"0-explicit-rm": 0.46296296296296297, "0-implicit-rm": 0.3169734151329243, "0-scattered-rm": 0.3924731182795699, "0-explicit-em": 0.33641975308641975, "0-implicit-em": 0.10224948875255624, "0-scattered-em": 0.010752688172043012, "1-explicit-rm": 0.45987654320987653, "1-implicit-rm": 0.3169734151329243, "1-scattered-rm": 0.3924731182795699, "1-explicit-em": 0.3333333333333333, "1-implicit-em": 0.10224948875255624, "1-scattered-em": 0.010752688172043012, "2-explicit-rm": 0.45987654320987653, "2-implicit-rm": 0.31901840490797545, "2-scattered-rm": 0.3817204301075269, "2-explicit-em": 0.33024691358024694, "2-implicit-em": 0.10224948875255624, "2-scattered-em": 0.010752688172043012}, "Llama-3-8B-Instruct-question-guided": {"0-explicit-rm": 0.41358024691358025, "0-implicit-rm": 0.3067484662576687, "0-scattered-rm": 0.3709677419354839, "0-explicit-em": 0.30864197530864196, "0-implicit-em": 0.08588957055214724, "0-scattered-em": 0.016129032258064516, "1-explicit-rm": 0.41358024691358025, "1-implicit-rm": 0.3067484662576687, "1-scattered-rm": 0.3709677419354839, "1-explicit-em": 0.3055555555555556, "1-implicit-em": 0.08588957055214724, "1-scattered-em": 0.016129032258064516, "2-explicit-rm": 0.41358024691358025, "2-implicit-rm": 0.3067484662576687, "2-scattered-rm": 0.3655913978494624, "2-explicit-em": 0.3055555555555556, "2-implicit-em": 0.08588957055214724, "2-scattered-em": 0.016129032258064516}}